<?xml version="1.0"?>
<Locations >
  <Project>
    <vfs_file>/home/taste/tool-src/testSuites/Demo_Crazyflie_IMU_2/drone/default.gpr</vfs_file>
    <file_marker column=" 1" line=" 1" >
      <vfs_project>/home/taste/tool-src/testSuites/Demo_Crazyflie_IMU_2/drone/default.gpr</vfs_project>
      <vfs_file>/home/taste/tool-src/testSuites/Demo_Crazyflie_IMU_2/drone/drone.ads</vfs_file>
    </file_marker>
    <file_marker current="true" column=" 1" line=" 1" >
      <vfs_project />
      <vfs_file>/home/taste/tool-src/testSuites/Demo_Crazyflie_IMU_2/drone/drone.adb</vfs_file>
    </file_marker>
  </Project>
  <Project >
    <vfs_file >/home/taste/GitHub/Demo_Crazyflie_IMU_2/drone/default.gpr</vfs_file>
    <file_marker column=" 1" line=" 1">
      <vfs_project  />
      <vfs_file >/home/taste/GitHub/Demo_Crazyflie_IMU_2/drone/drone.ads</vfs_file>
    </file_marker>
    <file_marker current="true" column=" 1" line=" 1">
      <vfs_project  />
      <vfs_file >/home/taste/GitHub/Demo_Crazyflie_IMU_2/drone/drone.adb</vfs_file>
    </file_marker>
  </Project>
</Locations>
