<?xml version="1.0"?>
<Locations >
  <Project>
    <vfs_file>/home/taste/tool-src/testSuites/Demo_Crazyflie_IMU_2/copter_imu/default.gpr</vfs_file>
    <file_marker column=" 1" line=" 1" >
      <vfs_project />
      <vfs_file>/home/taste/tool-src/testSuites/Demo_Crazyflie_IMU_2/copter_imu/copter_imu.ads</vfs_file>
    </file_marker>
    <file_marker current="true" column=" 1" line=" 1" >
      <vfs_project />
      <vfs_file>/home/taste/tool-src/testSuites/Demo_Crazyflie_IMU_2/copter_imu/copter_imu.adb</vfs_file>
    </file_marker>
  </Project>
  <Project >
    <vfs_file >/home/taste/tool-src/testSuites/Demo_Crazyflie_IMU/copter_imu/default.gpr</vfs_file>
    <file_marker column=" 1" line=" 1">
      <vfs_project  />
      <vfs_file >/home/taste/tool-src/testSuites/Demo_Crazyflie_IMU/copter_imu/copter_imu.ads</vfs_file>
    </file_marker>
    <file_marker current="true" column=" 1" line=" 1">
      <vfs_project  />
      <vfs_file >/home/taste/tool-src/testSuites/Demo_Crazyflie_IMU/copter_imu/copter_imu.adb</vfs_file>
    </file_marker>
  </Project>
</Locations>
